NO  , DateTime ,Temperature,  note
1  ,  15/04/2011 10:51:52 , 23.23 C
2  ,  15/04/2011 10:51:57 , 23.26 C
3  ,  15/04/2011 10:52:02 , 23.26 C
4  ,  15/04/2011 10:52:07 , 23.20 C
5  ,  15/04/2011 10:52:12 , 23.20 C
6  ,  15/04/2011 10:52:17 , 23.08 C
7  ,  15/04/2011 10:52:22 , 23.01 C
8  ,  15/04/2011 10:52:27 , 23.01 C
9  ,  15/04/2011 10:52:32 , 22.95 C
10  ,  15/04/2011 10:52:37 , 22.92 C
11  ,  15/04/2011 10:52:42 , 22.86 C
12  ,  15/04/2011 10:52:47 , 22.83 C
13  ,  15/04/2011 10:52:52 , 22.83 C
14  ,  15/04/2011 10:52:57 , 22.79 C
15  ,  15/04/2011 10:53:02 , 22.76 C
16  ,  15/04/2011 10:53:07 , 22.76 C
17  ,  15/04/2011 10:53:13 , 22.76 C
18  ,  15/04/2011 10:53:18 , 22.73 C
19  ,  15/04/2011 10:53:23 , 22.70 C
20  ,  15/04/2011 10:53:28 , 22.64 C
21  ,  15/04/2011 10:53:33 , 22.61 C
22  ,  15/04/2011 10:53:38 , 22.61 C
23  ,  15/04/2011 10:53:43 , 22.61 C
24  ,  15/04/2011 10:53:48 , 22.58 C
25  ,  15/04/2011 10:53:53 , 22.58 C
26  ,  15/04/2011 10:53:58 , 22.54 C
27  ,  15/04/2011 10:54:03 , 22.51 C
28  ,  15/04/2011 10:54:08 , 22.58 C
29  ,  15/04/2011 10:54:13 , 22.58 C
30  ,  15/04/2011 10:54:17 , 22.61 C
31  ,  15/04/2011 10:54:22 , 22.58 C
32  ,  15/04/2011 10:54:27 , 22.58 C
33  ,  15/04/2011 10:54:32 , 22.54 C
34  ,  15/04/2011 10:54:37 , 22.54 C
35  ,  15/04/2011 10:54:42 , 22.51 C
36  ,  15/04/2011 10:54:47 , 22.51 C
37  ,  15/04/2011 10:54:52 , 22.54 C
38  ,  15/04/2011 10:54:57 , 22.51 C
39  ,  15/04/2011 10:55:02 , 22.58 C
40  ,  15/04/2011 10:55:07 , 22.58 C
41  ,  15/04/2011 10:55:12 , 22.58 C
42  ,  15/04/2011 10:55:17 , 22.61 C
43  ,  15/04/2011 10:55:22 , 22.61 C
44  ,  15/04/2011 10:55:27 , 22.64 C
45  ,  15/04/2011 10:55:32 , 22.61 C
46  ,  15/04/2011 10:55:37 , 22.61 C
47  ,  15/04/2011 10:55:42 , 22.61 C
48  ,  15/04/2011 10:55:47 , 22.61 C
49  ,  15/04/2011 10:55:52 , 22.64 C
50  ,  15/04/2011 10:55:57 , 22.67 C
51  ,  15/04/2011 10:56:02 , 22.64 C
52  ,  15/04/2011 10:56:07 , 22.64 C
53  ,  15/04/2011 10:56:12 , 22.70 C
54  ,  15/04/2011 10:56:17 , 22.70 C
55  ,  15/04/2011 10:56:22 , 22.70 C
56  ,  15/04/2011 10:56:27 , 22.70 C
57  ,  15/04/2011 10:56:32 , 22.70 C
58  ,  15/04/2011 10:56:35 , 22.70 C
59  ,  15/04/2011 10:56:36 , 22.70 C
60  ,  15/04/2011 10:56:37 , 22.70 C
61  ,  15/04/2011 10:56:38 , 22.70 C
62  ,  15/04/2011 10:56:39 , 22.70 C
63  ,  15/04/2011 10:56:40 , 22.76 C
64  ,  15/04/2011 10:56:41 , 22.76 C
65  ,  15/04/2011 10:56:42 , 22.76 C
66  ,  15/04/2011 10:56:43 , 22.76 C
67  ,  15/04/2011 10:56:44 , 22.73 C
68  ,  15/04/2011 10:56:45 , 22.73 C
69  ,  15/04/2011 10:56:50 , 22.76 C
70  ,  15/04/2011 10:56:55 , 22.70 C
71  ,  15/04/2011 10:57:00 , 22.76 C
72  ,  15/04/2011 10:57:05 , 22.79 C
73  ,  15/04/2011 10:57:10 , 22.83 C
74  ,  15/04/2011 10:57:15 , 22.83 C
75  ,  15/04/2011 10:57:20 , 22.83 C
76  ,  15/04/2011 10:57:25 , 22.83 C
77  ,  15/04/2011 10:57:30 , 22.83 C
78  ,  15/04/2011 10:57:35 , 22.83 C
79  ,  15/04/2011 10:57:40 , 22.86 C
80  ,  15/04/2011 10:57:45 , 22.83 C
81  ,  15/04/2011 10:57:50 , 22.86 C
82  ,  15/04/2011 10:57:55 , 22.83 C
83  ,  15/04/2011 10:58:00 , 22.83 C
84  ,  15/04/2011 10:58:05 , 22.79 C
85  ,  15/04/2011 10:58:10 , 22.83 C
86  ,  15/04/2011 10:58:15 , 22.89 C
87  ,  15/04/2011 10:58:20 , 22.76 C
88  ,  15/04/2011 10:58:25 , 22.76 C
89  ,  15/04/2011 10:58:30 , 22.79 C
90  ,  15/04/2011 10:58:35 , 22.79 C
91  ,  15/04/2011 10:58:40 , 22.79 C
92  ,  15/04/2011 10:58:45 , 22.83 C
93  ,  15/04/2011 10:58:50 , 22.73 C
94  ,  15/04/2011 10:58:55 , 22.76 C
95  ,  15/04/2011 10:59:00 , 22.73 C
96  ,  15/04/2011 10:59:05 , 22.73 C
97  ,  15/04/2011 10:59:10 , 22.73 C
98  ,  15/04/2011 10:59:15 , 22.73 C
99  ,  15/04/2011 10:59:20 , 22.76 C
100  ,  15/04/2011 10:59:25 , 22.73 C
101  ,  15/04/2011 10:59:30 , 22.79 C
102  ,  15/04/2011 10:59:35 , 22.83 C
103  ,  15/04/2011 10:59:40 , 22.83 C
104  ,  15/04/2011 10:59:45 , 22.79 C
105  ,  15/04/2011 10:59:50 , 22.76 C
106  ,  15/04/2011 10:59:55 , 22.79 C
107  ,  15/04/2011 11:00:00 , 22.76 C
108  ,  15/04/2011 11:00:05 , 22.79 C
109  ,  15/04/2011 11:00:10 , 22.83 C
110  ,  15/04/2011 11:00:15 , 22.83 C
111  ,  15/04/2011 11:00:20 , 22.79 C
112  ,  15/04/2011 11:00:25 , 22.83 C
113  ,  15/04/2011 11:00:30 , -37.99 C
114  ,  15/04/2011 11:00:35 , 22.76 C
115  ,  15/04/2011 11:00:40 , 22.76 C
116  ,  15/04/2011 11:00:45 , 22.76 C
117  ,  15/04/2011 11:00:50 , 22.83 C
118  ,  15/04/2011 11:00:55 , 22.83 C
119  ,  15/04/2011 11:01:00 , 22.83 C
120  ,  15/04/2011 11:01:05 , 22.79 C
121  ,  15/04/2011 11:01:10 , 22.76 C
122  ,  15/04/2011 11:01:15 , 22.83 C
123  ,  15/04/2011 11:01:20 , 22.76 C
124  ,  15/04/2011 11:01:25 , 22.76 C
125  ,  15/04/2011 11:01:30 , 22.79 C
126  ,  15/04/2011 11:01:35 , 22.76 C
127  ,  15/04/2011 11:01:40 , 22.76 C
128  ,  15/04/2011 11:01:45 , 22.76 C
129  ,  15/04/2011 11:01:50 , 22.79 C
130  ,  15/04/2011 11:01:55 , 22.83 C
131  ,  15/04/2011 11:02:00 , 22.83 C
132  ,  15/04/2011 11:02:05 , 22.79 C
133  ,  15/04/2011 11:02:10 , 22.79 C
134  ,  15/04/2011 11:02:15 , 22.83 C
135  ,  15/04/2011 11:02:20 , 22.83 C
136  ,  15/04/2011 11:02:25 , 22.86 C
137  ,  15/04/2011 11:02:30 , 22.86 C
138  ,  15/04/2011 11:02:35 , 22.86 C
139  ,  15/04/2011 11:02:40 , 22.86 C
140  ,  15/04/2011 11:02:45 , 22.83 C
141  ,  15/04/2011 11:02:50 , 22.83 C
142  ,  15/04/2011 11:02:55 , 22.83 C
143  ,  15/04/2011 11:03:00 , 22.83 C
144  ,  15/04/2011 11:03:05 , 22.83 C
145  ,  15/04/2011 11:03:10 , 22.83 C
146  ,  15/04/2011 11:03:15 , 22.86 C
147  ,  15/04/2011 11:03:20 , 22.89 C
148  ,  15/04/2011 11:03:25 , 22.86 C
149  ,  15/04/2011 11:03:30 , 22.89 C
150  ,  15/04/2011 11:03:35 , 22.89 C
151  ,  15/04/2011 11:03:40 , 22.89 C
152  ,  15/04/2011 11:03:45 , 22.89 C
153  ,  15/04/2011 11:03:50 , 22.89 C
154  ,  15/04/2011 11:03:55 , 22.89 C
155  ,  15/04/2011 11:04:00 , 22.89 C
156  ,  15/04/2011 11:04:05 , 22.86 C
157  ,  15/04/2011 11:04:10 , 22.86 C
158  ,  15/04/2011 11:04:15 , 22.83 C
159  ,  15/04/2011 11:04:20 , 22.86 C
160  ,  15/04/2011 11:04:25 , 22.86 C
161  ,  15/04/2011 11:04:30 , 22.83 C
162  ,  15/04/2011 11:04:35 , 22.83 C
163  ,  15/04/2011 11:04:40 , 22.83 C
164  ,  15/04/2011 11:04:45 , 22.79 C
165  ,  15/04/2011 11:04:50 , 22.83 C
166  ,  15/04/2011 11:04:55 , 22.76 C
167  ,  15/04/2011 11:05:00 , 22.83 C
168  ,  15/04/2011 11:05:05 , 22.83 C
169  ,  15/04/2011 11:05:10 , 22.79 C
170  ,  15/04/2011 11:05:15 , 22.83 C
171  ,  15/04/2011 11:05:20 , 22.76 C
172  ,  15/04/2011 11:05:25 , 22.79 C
173  ,  15/04/2011 11:05:30 , 22.79 C
174  ,  15/04/2011 11:05:35 , 22.79 C
175  ,  15/04/2011 11:05:40 , 22.76 C
176  ,  15/04/2011 11:05:45 , 22.79 C
177  ,  15/04/2011 11:05:50 , 22.83 C
178  ,  15/04/2011 11:05:55 , 22.79 C
179  ,  15/04/2011 11:06:00 , 22.76 C
180  ,  15/04/2011 11:06:05 , 22.83 C
181  ,  15/04/2011 11:06:10 , 22.76 C
182  ,  15/04/2011 11:06:15 , 22.73 C
183  ,  15/04/2011 11:06:20 , 22.76 C
184  ,  15/04/2011 11:06:25 , 22.73 C
185  ,  15/04/2011 11:06:30 , 22.73 C
186  ,  15/04/2011 11:06:35 , 22.73 C
187  ,  15/04/2011 11:06:40 , 22.76 C
188  ,  15/04/2011 11:06:45 , 22.76 C
189  ,  15/04/2011 11:06:50 , 22.76 C
190  ,  15/04/2011 11:06:55 , 22.73 C
191  ,  15/04/2011 11:07:00 , 22.70 C
192  ,  15/04/2011 11:07:05 , 22.70 C
193  ,  15/04/2011 11:07:10 , 22.70 C
194  ,  15/04/2011 11:07:15 , 22.67 C
195  ,  15/04/2011 11:07:20 , 22.64 C
196  ,  15/04/2011 11:07:25 , 22.61 C
197  ,  15/04/2011 11:07:30 , 22.61 C
198  ,  15/04/2011 11:07:35 , 22.58 C
199  ,  15/04/2011 11:07:40 , 22.61 C
200  ,  15/04/2011 11:07:45 , 22.58 C
201  ,  15/04/2011 11:07:50 , 22.58 C
202  ,  15/04/2011 11:07:55 , 22.51 C
203  ,  15/04/2011 11:08:00 , 22.54 C
204  ,  15/04/2011 11:08:05 , 22.51 C
205  ,  15/04/2011 11:08:10 , 22.51 C
206  ,  15/04/2011 11:08:15 , 22.51 C
207  ,  15/04/2011 11:08:20 , 22.48 C
208  ,  15/04/2011 11:08:25 , 22.51 C
209  ,  15/04/2011 11:08:30 , 22.45 C
210  ,  15/04/2011 11:08:35 , 22.45 C
211  ,  15/04/2011 11:08:40 , 22.45 C
212  ,  15/04/2011 11:08:45 , 22.45 C
213  ,  15/04/2011 11:08:50 , 22.45 C
214  ,  15/04/2011 11:08:55 , 22.42 C
215  ,  15/04/2011 11:09:00 , 22.39 C
216  ,  15/04/2011 11:09:05 , 22.39 C
217  ,  15/04/2011 11:09:10 , 22.33 C
218  ,  15/04/2011 11:09:15 , 22.29 C
219  ,  15/04/2011 11:09:20 , 22.20 C
220  ,  15/04/2011 11:09:25 , 22.20 C
221  ,  15/04/2011 11:09:30 , 22.08 C
222  ,  15/04/2011 11:09:35 , 21.95 C
223  ,  15/04/2011 11:09:40 , 21.67 C
224  ,  15/04/2011 11:09:45 , 21.64 C
225  ,  15/04/2011 11:09:50 , 21.64 C
226  ,  15/04/2011 11:09:55 , 21.64 C
227  ,  15/04/2011 11:10:00 , 21.64 C
228  ,  15/04/2011 11:10:05 , 21.64 C
229  ,  15/04/2011 11:10:10 , 21.64 C
230  ,  15/04/2011 11:10:15 , 21.64 C
231  ,  15/04/2011 11:10:20 , 21.64 C
232  ,  15/04/2011 11:10:25 , 21.64 C
233  ,  15/04/2011 11:10:30 , 21.64 C
234  ,  15/04/2011 11:10:35 , 21.64 C
235  ,  15/04/2011 11:10:40 , 21.64 C
236  ,  15/04/2011 11:10:45 , 21.64 C
237  ,  15/04/2011 11:10:50 , 21.64 C
238  ,  15/04/2011 11:10:55 , 21.64 C
239  ,  15/04/2011 11:11:00 , 21.64 C
240  ,  15/04/2011 11:11:05 , 21.64 C
241  ,  15/04/2011 11:11:10 , 21.64 C
242  ,  15/04/2011 11:11:15 , 21.64 C
243  ,  15/04/2011 11:11:20 , 21.64 C
244  ,  15/04/2011 11:11:25 , 21.64 C
245  ,  15/04/2011 11:11:30 , 21.64 C
246  ,  15/04/2011 11:11:35 , 21.64 C
247  ,  15/04/2011 11:11:40 , 21.64 C
248  ,  15/04/2011 11:11:45 , 21.64 C
249  ,  15/04/2011 11:11:50 , 21.64 C
250  ,  15/04/2011 11:11:55 , 21.64 C
251  ,  15/04/2011 11:12:00 , 21.64 C
252  ,  15/04/2011 11:12:05 , 21.64 C
253  ,  15/04/2011 11:12:10 , 21.64 C
254  ,  15/04/2011 11:12:15 , 21.64 C
255  ,  15/04/2011 11:12:20 , 21.64 C
256  ,  15/04/2011 11:12:25 , 21.64 C
257  ,  15/04/2011 11:12:30 , 21.64 C
258  ,  15/04/2011 11:12:35 , 21.64 C
259  ,  15/04/2011 11:12:40 , 21.64 C
260  ,  15/04/2011 11:12:45 , 21.64 C
261  ,  15/04/2011 11:12:50 , 21.64 C
262  ,  15/04/2011 11:12:55 , 21.64 C
263  ,  15/04/2011 11:13:00 , 21.64 C
264  ,  15/04/2011 11:13:05 , 21.64 C
265  ,  15/04/2011 11:13:10 , 21.64 C
266  ,  15/04/2011 11:13:15 , 21.64 C
267  ,  15/04/2011 11:13:20 , 21.64 C
268  ,  15/04/2011 11:13:25 , 21.64 C
269  ,  15/04/2011 11:13:30 , 21.64 C
270  ,  15/04/2011 11:13:35 , 21.64 C
271  ,  15/04/2011 11:13:40 , 21.64 C
272  ,  15/04/2011 11:13:45 , 21.64 C
273  ,  15/04/2011 11:13:50 , 21.64 C
274  ,  15/04/2011 11:13:55 , 21.64 C
275  ,  15/04/2011 11:14:00 , 21.64 C
276  ,  15/04/2011 11:14:05 , 21.64 C
277  ,  15/04/2011 11:14:10 , 21.64 C
278  ,  15/04/2011 11:14:15 , 21.64 C
279  ,  15/04/2011 11:14:20 , 21.64 C
280  ,  15/04/2011 11:14:25 , 21.64 C
281  ,  15/04/2011 11:14:30 , 21.64 C
282  ,  15/04/2011 11:14:35 , 21.64 C
283  ,  15/04/2011 11:14:40 , 21.64 C
284  ,  15/04/2011 11:14:45 , 21.64 C
285  ,  15/04/2011 11:14:50 , 21.64 C
286  ,  15/04/2011 11:14:55 , 21.64 C
287  ,  15/04/2011 11:15:00 , 21.64 C
288  ,  15/04/2011 11:15:05 , 21.64 C
289  ,  15/04/2011 11:15:10 , 21.64 C
290  ,  15/04/2011 11:15:15 , 21.64 C
291  ,  15/04/2011 11:15:20 , 21.64 C
292  ,  15/04/2011 11:15:25 , 21.64 C
293  ,  15/04/2011 11:15:30 , 21.58 C
294  ,  15/04/2011 11:15:35 , 21.58 C
295  ,  15/04/2011 11:15:40 , 21.58 C
296  ,  15/04/2011 11:15:45 , 21.58 C
297  ,  15/04/2011 11:15:50 , 21.58 C
298  ,  15/04/2011 11:15:55 , 21.58 C
299  ,  15/04/2011 11:16:00 , 21.58 C
300  ,  15/04/2011 11:16:05 , 21.58 C
301  ,  15/04/2011 11:16:10 , 21.58 C
302  ,  15/04/2011 11:16:15 , 21.58 C
303  ,  15/04/2011 11:16:20 , 21.58 C
304  ,  15/04/2011 11:16:25 , 21.58 C
305  ,  15/04/2011 11:16:30 , 21.58 C
306  ,  15/04/2011 11:16:35 , 21.58 C
307  ,  15/04/2011 11:16:40 , 21.54 C
308  ,  15/04/2011 11:16:45 , 21.54 C
309  ,  15/04/2011 11:16:50 , 21.51 C
310  ,  15/04/2011 11:16:55 , 21.51 C
311  ,  15/04/2011 11:17:00 , 21.51 C
312  ,  15/04/2011 11:17:05 , 21.51 C
313  ,  15/04/2011 11:17:10 , 21.51 C
314  ,  15/04/2011 11:17:15 , 21.51 C
315  ,  15/04/2011 11:17:20 , 21.48 C
316  ,  15/04/2011 11:17:25 , 21.45 C
317  ,  15/04/2011 11:17:30 , 21.45 C
318  ,  15/04/2011 11:17:35 , 21.45 C
319  ,  15/04/2011 11:17:40 , 21.45 C
320  ,  15/04/2011 11:17:45 , 21.45 C
321  ,  15/04/2011 11:17:50 , 21.45 C
322  ,  15/04/2011 11:17:55 , 21.45 C
323  ,  15/04/2011 11:18:00 , 21.45 C
324  ,  15/04/2011 11:18:05 , 21.45 C
325  ,  15/04/2011 11:18:10 , 21.45 C
326  ,  15/04/2011 11:18:15 , 21.45 C
327  ,  15/04/2011 11:18:20 , 21.45 C
328  ,  15/04/2011 11:18:25 , 21.45 C
329  ,  15/04/2011 11:18:30 , 21.45 C
330  ,  15/04/2011 11:18:35 , 21.45 C
331  ,  15/04/2011 11:18:40 , 21.45 C
332  ,  15/04/2011 11:18:45 , 21.45 C
333  ,  15/04/2011 11:18:50 , 21.45 C
334  ,  15/04/2011 11:18:55 , 21.45 C
335  ,  15/04/2011 11:19:00 , 21.45 C
336  ,  15/04/2011 11:19:05 , 21.45 C
337  ,  15/04/2011 11:19:10 , 21.45 C
338  ,  15/04/2011 11:19:15 , 21.45 C
339  ,  15/04/2011 11:19:20 , 21.45 C
340  ,  15/04/2011 11:19:25 , 21.45 C
341  ,  15/04/2011 11:19:30 , 21.45 C
342  ,  15/04/2011 11:19:35 , 21.42 C
343  ,  15/04/2011 11:19:40 , 21.45 C
344  ,  15/04/2011 11:19:45 , 21.45 C
345  ,  15/04/2011 11:19:50 , 21.45 C
346  ,  15/04/2011 11:19:55 , 21.39 C
347  ,  15/04/2011 11:20:00 , 21.45 C
348  ,  15/04/2011 11:20:05 , 21.42 C
349  ,  15/04/2011 11:20:10 , 21.45 C
350  ,  15/04/2011 11:20:15 , 21.42 C
351  ,  15/04/2011 11:20:20 , 21.45 C
352  ,  15/04/2011 11:20:25 , 21.39 C
353  ,  15/04/2011 11:20:30 , 21.39 C
354  ,  15/04/2011 11:20:35 , 21.39 C
355  ,  15/04/2011 11:20:40 , 21.42 C
356  ,  15/04/2011 11:20:45 , 21.39 C
357  ,  15/04/2011 11:20:50 , 21.42 C
358  ,  15/04/2011 11:20:55 , 21.39 C
359  ,  15/04/2011 11:21:00 , 21.39 C
360  ,  15/04/2011 11:21:05 , 21.45 C
361  ,  15/04/2011 11:21:10 , 21.45 C
362  ,  15/04/2011 11:21:15 , 21.45 C
363  ,  15/04/2011 11:21:20 , 21.48 C
364  ,  15/04/2011 11:21:25 , 21.45 C
365  ,  15/04/2011 11:21:30 , 21.45 C
366  ,  15/04/2011 11:21:35 , 21.48 C
367  ,  15/04/2011 11:21:40 , 21.51 C
368  ,  15/04/2011 11:21:45 , 21.51 C
369  ,  15/04/2011 11:21:50 , 21.51 C
370  ,  15/04/2011 11:21:55 , 21.51 C
371  ,  15/04/2011 11:22:00 , 21.51 C
372  ,  15/04/2011 11:22:05 , 21.51 C
373  ,  15/04/2011 11:22:10 , 21.51 C
374  ,  15/04/2011 11:22:15 , 21.51 C
375  ,  15/04/2011 11:22:20 , 21.51 C
376  ,  15/04/2011 11:22:25 , 21.51 C
377  ,  15/04/2011 11:22:30 , 21.51 C
378  ,  15/04/2011 11:22:35 , 21.51 C
379  ,  15/04/2011 11:22:40 , 21.51 C
380  ,  15/04/2011 11:22:45 , 21.54 C
381  ,  15/04/2011 11:22:50 , 21.51 C
382  ,  15/04/2011 11:22:55 , 21.58 C
383  ,  15/04/2011 11:23:00 , 21.54 C
384  ,  15/04/2011 11:23:05 , 21.58 C
385  ,  15/04/2011 11:23:10 , 21.54 C
386  ,  15/04/2011 11:23:15 , 21.58 C
387  ,  15/04/2011 11:23:20 , 21.54 C
388  ,  15/04/2011 11:23:25 , 21.51 C
389  ,  15/04/2011 11:23:30 , 21.58 C
390  ,  15/04/2011 11:23:35 , 21.58 C
391  ,  15/04/2011 11:23:40 , 21.58 C
392  ,  15/04/2011 11:23:45 , 21.51 C
393  ,  15/04/2011 11:23:50 , 21.51 C
394  ,  15/04/2011 11:23:55 , 21.54 C
395  ,  15/04/2011 11:24:00 , 21.51 C
396  ,  15/04/2011 11:24:05 , 21.51 C
397  ,  15/04/2011 11:24:10 , 21.51 C
398  ,  15/04/2011 11:24:15 , 21.51 C
399  ,  15/04/2011 11:24:20 , 21.51 C
400  ,  15/04/2011 11:24:25 , 21.51 C
401  ,  15/04/2011 11:24:30 , 21.58 C
402  ,  15/04/2011 11:24:35 , 21.64 C
403  ,  15/04/2011 11:24:40 , 21.64 C
404  ,  15/04/2011 11:24:45 , 21.64 C
405  ,  15/04/2011 11:24:50 , 21.64 C
406  ,  15/04/2011 11:24:55 , 21.64 C
407  ,  15/04/2011 11:25:00 , 21.58 C
408  ,  15/04/2011 11:25:05 , 21.58 C
409  ,  15/04/2011 11:25:10 , 21.58 C
410  ,  15/04/2011 11:25:15 , 21.58 C
411  ,  15/04/2011 11:25:20 , 21.58 C
412  ,  15/04/2011 11:25:25 , 21.58 C
413  ,  15/04/2011 11:25:30 , 21.54 C
414  ,  15/04/2011 11:25:35 , 21.54 C
415  ,  15/04/2011 11:25:40 , 21.54 C
416  ,  15/04/2011 11:25:45 , 21.51 C
417  ,  15/04/2011 11:25:50 , 21.51 C
418  ,  15/04/2011 11:25:55 , 21.51 C
419  ,  15/04/2011 11:26:00 , 21.51 C
420  ,  15/04/2011 11:26:05 , 21.54 C
421  ,  15/04/2011 11:26:10 , 21.54 C
422  ,  15/04/2011 11:26:15 , 21.58 C
423  ,  15/04/2011 11:26:20 , 21.58 C
424  ,  15/04/2011 11:26:25 , 21.58 C
425  ,  15/04/2011 11:26:30 , 21.51 C
426  ,  15/04/2011 11:26:35 , 21.51 C
427  ,  15/04/2011 11:26:40 , 21.51 C
428  ,  15/04/2011 11:26:45 , 21.51 C
429  ,  15/04/2011 11:26:50 , 21.51 C
430  ,  15/04/2011 11:26:55 , 21.54 C
431  ,  15/04/2011 11:27:00 , 21.58 C
432  ,  15/04/2011 11:27:05 , 21.58 C
433  ,  15/04/2011 11:27:10 , 21.58 C
434  ,  15/04/2011 11:27:15 , 21.58 C
435  ,  15/04/2011 11:27:20 , 21.58 C
436  ,  15/04/2011 11:27:25 , 21.54 C
437  ,  15/04/2011 11:27:30 , 21.51 C
438  ,  15/04/2011 11:27:35 , 21.51 C
439  ,  15/04/2011 11:27:40 , 21.51 C
440  ,  15/04/2011 11:27:45 , 21.51 C
441  ,  15/04/2011 11:27:50 , 21.51 C
442  ,  15/04/2011 11:27:55 , 21.51 C
443  ,  15/04/2011 11:28:00 , 21.51 C
444  ,  15/04/2011 11:28:05 , 21.51 C
445  ,  15/04/2011 11:28:10 , 21.51 C
446  ,  15/04/2011 11:28:15 , 21.51 C
447  ,  15/04/2011 11:28:20 , 21.51 C
448  ,  15/04/2011 11:28:25 , 21.51 C
449  ,  15/04/2011 11:28:30 , 21.51 C
450  ,  15/04/2011 11:28:35 , 21.51 C
451  ,  15/04/2011 11:28:40 , 21.51 C
452  ,  15/04/2011 11:28:45 , 21.51 C
453  ,  15/04/2011 11:28:50 , 21.48 C
454  ,  15/04/2011 11:28:55 , 21.45 C
455  ,  15/04/2011 11:29:00 , 21.48 C
456  ,  15/04/2011 11:29:05 , 21.45 C
457  ,  15/04/2011 11:29:10 , 21.45 C
458  ,  15/04/2011 11:29:15 , 21.45 C
459  ,  15/04/2011 11:29:20 , 21.51 C
460  ,  15/04/2011 11:29:25 , 21.51 C
461  ,  15/04/2011 11:29:30 , 21.51 C
462  ,  15/04/2011 11:29:35 , 21.51 C
463  ,  15/04/2011 11:29:40 , 21.51 C
464  ,  15/04/2011 11:29:45 , 21.51 C
465  ,  15/04/2011 11:29:50 , 21.51 C
466  ,  15/04/2011 11:29:55 , 21.51 C
467  ,  15/04/2011 11:30:00 , 21.51 C
468  ,  15/04/2011 11:30:05 , 21.51 C
469  ,  15/04/2011 11:30:10 , 21.51 C
470  ,  15/04/2011 11:30:15 , 21.51 C
471  ,  15/04/2011 11:30:20 , 21.51 C
472  ,  15/04/2011 11:30:25 , 21.51 C
473  ,  15/04/2011 11:30:30 , 21.51 C
474  ,  15/04/2011 11:30:35 , 21.54 C
475  ,  15/04/2011 11:30:40 , 21.54 C
476  ,  15/04/2011 11:30:45 , 21.58 C
477  ,  15/04/2011 11:30:50 , 21.54 C
478  ,  15/04/2011 11:30:55 , 21.58 C
479  ,  15/04/2011 11:31:00 , 21.51 C
480  ,  15/04/2011 11:31:05 , 21.51 C
481  ,  15/04/2011 11:31:10 , 21.51 C
482  ,  15/04/2011 11:31:15 , 21.51 C
483  ,  15/04/2011 11:31:20 , 21.45 C
484  ,  15/04/2011 11:31:25 , 21.45 C
485  ,  15/04/2011 11:31:30 , 21.45 C
486  ,  15/04/2011 11:31:35 , 21.42 C
487  ,  15/04/2011 11:31:40 , 21.45 C
488  ,  15/04/2011 11:31:45 , 21.42 C
489  ,  15/04/2011 11:31:50 , 21.45 C
490  ,  15/04/2011 11:31:55 , 21.42 C
491  ,  15/04/2011 11:32:00 , 21.39 C
492  ,  15/04/2011 11:32:05 , 21.39 C
493  ,  15/04/2011 11:32:10 , 21.36 C
494  ,  15/04/2011 11:32:15 , 21.36 C
495  ,  15/04/2011 11:32:20 , 21.36 C
496  ,  15/04/2011 11:32:25 , 21.36 C
497  ,  15/04/2011 11:32:30 , 21.33 C
498  ,  15/04/2011 11:32:35 , 21.33 C
499  ,  15/04/2011 11:32:40 , 21.33 C
500  ,  15/04/2011 11:32:45 , 21.33 C
501  ,  15/04/2011 11:32:50 , 21.33 C
502  ,  15/04/2011 11:32:55 , 21.29 C
503  ,  15/04/2011 11:33:00 , 21.26 C
504  ,  15/04/2011 11:33:05 , 21.26 C
505  ,  15/04/2011 11:33:10 , 21.29 C
506  ,  15/04/2011 11:33:15 , 21.26 C
507  ,  15/04/2011 11:33:20 , 21.33 C
508  ,  15/04/2011 11:33:25 , 21.29 C
509  ,  15/04/2011 11:33:30 , 21.26 C
510  ,  15/04/2011 11:33:35 , 21.29 C
511  ,  15/04/2011 11:33:40 , 21.26 C
512  ,  15/04/2011 11:33:45 , 21.26 C
513  ,  15/04/2011 11:33:50 , 21.29 C
514  ,  15/04/2011 11:33:55 , 21.33 C
515  ,  15/04/2011 11:34:00 , 21.33 C
516  ,  15/04/2011 11:34:05 , 21.33 C
517  ,  15/04/2011 11:34:10 , 21.33 C
518  ,  15/04/2011 11:34:15 , 21.33 C
519  ,  15/04/2011 11:34:20 , 21.36 C
520  ,  15/04/2011 11:34:25 , 21.36 C
521  ,  15/04/2011 11:34:30 , 21.36 C
522  ,  15/04/2011 11:34:35 , 21.33 C
523  ,  15/04/2011 11:34:40 , 21.39 C
524  ,  15/04/2011 11:34:45 , 21.39 C
525  ,  15/04/2011 11:34:50 , 21.39 C
526  ,  15/04/2011 11:34:55 , 21.39 C
527  ,  15/04/2011 11:35:00 , 21.39 C
528  ,  15/04/2011 11:35:05 , 21.39 C
529  ,  15/04/2011 11:35:10 , 21.39 C
530  ,  15/04/2011 11:35:15 , 21.39 C
531  ,  15/04/2011 11:35:20 , 21.39 C
532  ,  15/04/2011 11:35:25 , 21.39 C
533  ,  15/04/2011 11:35:30 , 21.39 C
534  ,  15/04/2011 11:35:35 , 21.39 C
535  ,  15/04/2011 11:35:40 , 21.39 C
536  ,  15/04/2011 11:35:45 , 21.39 C
537  ,  15/04/2011 11:35:50 , 21.39 C
538  ,  15/04/2011 11:35:55 , 21.39 C
539  ,  15/04/2011 11:36:00 , 21.42 C
540  ,  15/04/2011 11:36:05 , 21.42 C
541  ,  15/04/2011 11:36:10 , 21.45 C
542  ,  15/04/2011 11:36:15 , 21.45 C
543  ,  15/04/2011 11:36:20 , 21.45 C
544  ,  15/04/2011 11:36:25 , 21.45 C
545  ,  15/04/2011 11:36:30 , 21.45 C
546  ,  15/04/2011 11:36:35 , 21.45 C
547  ,  15/04/2011 11:36:40 , 21.45 C
548  ,  15/04/2011 11:36:45 , 21.39 C
549  ,  15/04/2011 11:36:50 , 21.39 C
550  ,  15/04/2011 11:36:55 , 21.39 C
551  ,  15/04/2011 11:37:00 , 21.39 C
552  ,  15/04/2011 11:37:05 , 21.39 C
553  ,  15/04/2011 11:37:10 , 21.39 C
554  ,  15/04/2011 11:37:15 , 21.39 C
555  ,  15/04/2011 11:37:20 , 21.36 C
556  ,  15/04/2011 11:37:25 , 21.36 C
557  ,  15/04/2011 11:37:30 , 21.33 C
558  ,  15/04/2011 11:37:35 , 21.33 C
559  ,  15/04/2011 11:37:40 , 21.33 C
560  ,  15/04/2011 11:37:45 , 21.33 C
561  ,  15/04/2011 11:37:50 , -38.74 C
562  ,  15/04/2011 11:37:55 , 21.33 C
563  ,  15/04/2011 11:38:00 , 21.29 C
564  ,  15/04/2011 11:38:05 , 21.29 C
565  ,  15/04/2011 11:38:10 , 21.29 C
566  ,  15/04/2011 11:38:15 , 21.29 C
567  ,  15/04/2011 11:38:20 , 21.33 C
568  ,  15/04/2011 11:38:25 , 21.33 C
569  ,  15/04/2011 11:38:30 , 21.33 C
570  ,  15/04/2011 11:38:35 , 21.33 C
571  ,  15/04/2011 11:38:40 , 21.33 C
572  ,  15/04/2011 11:38:45 , 21.33 C
573  ,  15/04/2011 11:38:50 , 21.33 C
574  ,  15/04/2011 11:38:55 , 21.33 C
575  ,  15/04/2011 11:39:00 , 21.36 C
576  ,  15/04/2011 11:39:05 , 21.36 C
577  ,  15/04/2011 11:39:10 , 21.39 C
578  ,  15/04/2011 11:39:15 , 21.39 C
579  ,  15/04/2011 11:39:20 , 21.39 C
580  ,  15/04/2011 11:39:25 , 21.39 C
581  ,  15/04/2011 11:39:30 , 21.39 C
582  ,  15/04/2011 11:39:35 , 21.39 C
583  ,  15/04/2011 11:39:40 , 21.39 C
584  ,  15/04/2011 11:39:45 , 21.39 C
585  ,  15/04/2011 11:39:50 , 21.42 C
586  ,  15/04/2011 11:39:55 , 21.45 C
587  ,  15/04/2011 11:40:00 , 21.42 C
588  ,  15/04/2011 11:40:05 , 21.42 C
589  ,  15/04/2011 11:40:10 , 21.45 C
590  ,  15/04/2011 11:40:15 , 21.45 C
591  ,  15/04/2011 11:40:20 , 21.45 C
592  ,  15/04/2011 11:40:25 , 21.45 C
593  ,  15/04/2011 11:40:30 , 21.45 C
594  ,  15/04/2011 11:40:35 , 21.48 C
595  ,  15/04/2011 11:40:40 , 21.48 C
596  ,  15/04/2011 11:40:45 , 21.45 C
597  ,  15/04/2011 11:40:50 , 21.45 C
598  ,  15/04/2011 11:40:55 , 21.42 C
599  ,  15/04/2011 11:41:00 , 21.39 C
600  ,  15/04/2011 11:41:05 , 21.39 C
601  ,  15/04/2011 11:41:10 , 21.39 C
602  ,  15/04/2011 11:41:15 , 21.39 C
603  ,  15/04/2011 11:41:20 , 21.39 C
604  ,  15/04/2011 11:41:25 , 21.39 C
605  ,  15/04/2011 11:41:30 , 21.39 C
606  ,  15/04/2011 11:41:35 , 21.39 C
607  ,  15/04/2011 11:41:40 , 21.39 C
608  ,  15/04/2011 11:41:45 , 21.39 C
609  ,  15/04/2011 11:41:50 , 21.39 C
610  ,  15/04/2011 11:41:55 , 21.36 C
611  ,  15/04/2011 11:42:00 , 21.36 C
612  ,  15/04/2011 11:42:05 , 21.39 C
613  ,  15/04/2011 11:42:10 , 21.33 C
614  ,  15/04/2011 11:42:15 , 21.33 C
615  ,  15/04/2011 11:42:20 , 21.33 C
616  ,  15/04/2011 11:42:25 , 21.33 C
617  ,  15/04/2011 11:42:30 , 21.33 C
618  ,  15/04/2011 11:42:35 , 21.33 C
619  ,  15/04/2011 11:42:40 , 21.33 C
620  ,  15/04/2011 11:42:45 , 21.33 C
621  ,  15/04/2011 11:42:50 , 21.33 C
622  ,  15/04/2011 11:42:55 , 21.33 C
623  ,  15/04/2011 11:43:00 , 21.36 C
624  ,  15/04/2011 11:43:05 , 21.36 C
625  ,  15/04/2011 11:43:10 , 21.39 C
626  ,  15/04/2011 11:43:15 , 21.39 C
627  ,  15/04/2011 11:43:20 , 21.39 C
628  ,  15/04/2011 11:43:25 , 21.39 C
629  ,  15/04/2011 11:43:30 , 21.39 C
630  ,  15/04/2011 11:43:35 , 21.36 C
631  ,  15/04/2011 11:43:40 , 21.33 C
632  ,  15/04/2011 11:43:45 , 21.33 C
633  ,  15/04/2011 11:43:50 , 21.36 C
634  ,  15/04/2011 11:43:55 , 21.33 C
635  ,  15/04/2011 11:44:00 , 21.33 C
636  ,  15/04/2011 11:44:05 , 21.36 C
637  ,  15/04/2011 11:44:10 , 21.33 C
638  ,  15/04/2011 11:44:15 , 21.33 C
639  ,  15/04/2011 11:44:20 , 21.33 C
640  ,  15/04/2011 11:44:25 , 21.33 C
641  ,  15/04/2011 11:44:30 , 21.26 C
642  ,  15/04/2011 11:44:35 , 21.29 C
643  ,  15/04/2011 11:44:40 , 21.26 C
644  ,  15/04/2011 11:44:45 , 21.26 C
645  ,  15/04/2011 11:44:50 , 21.29 C
646  ,  15/04/2011 11:44:55 , 21.26 C
647  ,  15/04/2011 11:45:00 , 21.26 C
648  ,  15/04/2011 11:45:05 , 21.29 C
649  ,  15/04/2011 11:45:10 , 21.33 C
650  ,  15/04/2011 11:45:15 , 21.33 C
651  ,  15/04/2011 11:45:20 , 21.29 C
652  ,  15/04/2011 11:45:25 , 21.26 C
653  ,  15/04/2011 11:45:30 , 21.33 C
654  ,  15/04/2011 11:45:35 , 21.29 C
655  ,  15/04/2011 11:45:40 , 21.26 C
656  ,  15/04/2011 11:45:45 , 21.29 C
657  ,  15/04/2011 11:45:50 , 21.26 C
658  ,  15/04/2011 11:45:55 , 21.26 C
659  ,  15/04/2011 11:46:00 , 21.29 C
660  ,  15/04/2011 11:46:05 , 21.26 C
661  ,  15/04/2011 11:46:10 , 21.26 C
662  ,  15/04/2011 11:46:15 , 21.26 C
663  ,  15/04/2011 11:46:20 , 21.26 C
664  ,  15/04/2011 11:46:25 , 21.26 C
665  ,  15/04/2011 11:46:30 , 21.26 C
666  ,  15/04/2011 11:46:35 , 21.26 C
667  ,  15/04/2011 11:46:40 , 21.26 C
668  ,  15/04/2011 11:46:45 , 21.26 C
669  ,  15/04/2011 11:46:50 , 21.26 C
670  ,  15/04/2011 11:46:55 , 21.33 C
671  ,  15/04/2011 11:47:00 , 21.33 C
672  ,  15/04/2011 11:47:05 , 21.33 C
673  ,  15/04/2011 11:47:10 , 21.33 C
674  ,  15/04/2011 11:47:15 , 21.33 C
675  ,  15/04/2011 11:47:20 , 21.33 C
676  ,  15/04/2011 11:47:25 , 21.33 C
677  ,  15/04/2011 11:47:30 , 21.33 C
678  ,  15/04/2011 11:47:35 , 21.33 C
679  ,  15/04/2011 11:47:40 , 21.29 C
680  ,  15/04/2011 11:47:45 , 21.26 C
681  ,  15/04/2011 11:47:50 , 21.33 C
682  ,  15/04/2011 11:47:55 , 21.29 C
683  ,  15/04/2011 11:48:00 , 21.26 C
684  ,  15/04/2011 11:48:05 , 21.26 C
685  ,  15/04/2011 11:48:10 , 21.29 C
686  ,  15/04/2011 11:48:15 , 21.26 C
687  ,  15/04/2011 11:48:20 , 21.26 C
688  ,  15/04/2011 11:48:25 , 21.26 C
689  ,  15/04/2011 11:48:30 , 21.26 C
690  ,  15/04/2011 11:48:35 , 21.26 C
691  ,  15/04/2011 11:48:40 , 21.20 C
692  ,  15/04/2011 11:48:45 , 21.20 C
693  ,  15/04/2011 11:48:50 , 21.20 C
694  ,  15/04/2011 11:48:55 , 21.20 C
695  ,  15/04/2011 11:49:00 , 21.20 C
696  ,  15/04/2011 11:49:05 , 21.20 C
697  ,  15/04/2011 11:49:10 , 21.20 C
698  ,  15/04/2011 11:49:15 , 21.20 C
699  ,  15/04/2011 11:49:20 , 21.20 C
700  ,  15/04/2011 11:49:25 , 21.20 C
701  ,  15/04/2011 11:49:30 , 21.20 C
702  ,  15/04/2011 11:49:35 , 21.23 C
703  ,  15/04/2011 11:49:40 , 21.26 C
704  ,  15/04/2011 11:49:45 , 21.23 C
705  ,  15/04/2011 11:49:50 , 21.23 C
706  ,  15/04/2011 11:49:55 , 21.23 C
707  ,  15/04/2011 11:50:00 , 21.23 C
708  ,  15/04/2011 11:50:05 , 21.20 C
709  ,  15/04/2011 11:50:10 , 21.20 C
710  ,  15/04/2011 11:50:15 , 21.20 C
711  ,  15/04/2011 11:50:20 , 21.20 C
712  ,  15/04/2011 11:50:25 , 21.20 C
713  ,  15/04/2011 11:50:30 , 21.26 C
714  ,  15/04/2011 11:50:35 , 21.26 C
715  ,  15/04/2011 11:50:40 , 21.26 C
716  ,  15/04/2011 11:50:45 , 21.26 C
717  ,  15/04/2011 11:50:50 , 21.29 C
718  ,  15/04/2011 11:50:55 , 21.26 C
719  ,  15/04/2011 11:51:00 , 21.29 C
720  ,  15/04/2011 11:51:05 , 21.26 C
721  ,  15/04/2011 11:51:10 , 21.29 C
722  ,  15/04/2011 11:51:15 , 21.29 C
723  ,  15/04/2011 11:51:20 , 21.29 C
724  ,  15/04/2011 11:51:25 , 21.33 C
725  ,  15/04/2011 11:51:30 , 21.33 C
726  ,  15/04/2011 11:51:35 , 21.33 C
727  ,  15/04/2011 11:51:40 , 21.33 C
728  ,  15/04/2011 11:51:45 , 21.26 C
729  ,  15/04/2011 11:51:50 , 21.33 C
730  ,  15/04/2011 11:51:55 , 21.29 C
731  ,  15/04/2011 11:52:00 , 21.29 C
732  ,  15/04/2011 11:52:05 , 21.26 C
733  ,  15/04/2011 11:52:10 , 21.33 C
734  ,  15/04/2011 11:52:15 , 21.33 C
735  ,  15/04/2011 11:52:20 , 21.33 C
736  ,  15/04/2011 11:52:25 , 21.33 C
737  ,  15/04/2011 11:52:30 , 21.33 C
738  ,  15/04/2011 11:52:35 , 21.33 C
739  ,  15/04/2011 11:52:40 , 21.33 C
740  ,  15/04/2011 11:52:45 , 21.33 C
741  ,  15/04/2011 11:52:50 , 21.33 C
742  ,  15/04/2011 11:52:55 , 21.33 C
743  ,  15/04/2011 11:53:00 , 21.33 C
744  ,  15/04/2011 11:53:05 , 21.33 C
745  ,  15/04/2011 11:53:10 , 21.33 C
746  ,  15/04/2011 11:53:15 , 21.33 C
747  ,  15/04/2011 11:53:20 , 21.33 C
748  ,  15/04/2011 11:53:25 , 21.33 C
749  ,  15/04/2011 11:53:30 , 21.33 C
750  ,  15/04/2011 11:53:35 , 21.33 C
751  ,  15/04/2011 11:53:40 , 21.33 C
752  ,  15/04/2011 11:53:45 , 21.33 C
753  ,  15/04/2011 11:53:50 , 21.33 C
754  ,  15/04/2011 11:53:55 , 21.33 C
755  ,  15/04/2011 11:54:00 , 21.33 C
756  ,  15/04/2011 11:54:05 , 21.36 C
757  ,  15/04/2011 11:54:10 , 21.33 C
758  ,  15/04/2011 11:54:15 , 21.36 C
759  ,  15/04/2011 11:54:20 , 21.39 C
760  ,  15/04/2011 11:54:25 , 21.39 C
761  ,  15/04/2011 11:54:30 , 21.39 C
762  ,  15/04/2011 11:54:35 , 21.36 C
763  ,  15/04/2011 11:54:40 , 21.33 C
764  ,  15/04/2011 11:54:45 , 21.36 C
765  ,  15/04/2011 11:54:50 , 21.33 C
766  ,  15/04/2011 11:54:55 , 21.36 C
767  ,  15/04/2011 11:55:00 , 21.36 C
768  ,  15/04/2011 11:55:05 , 21.33 C
769  ,  15/04/2011 11:55:10 , 21.33 C
770  ,  15/04/2011 11:55:15 , 21.33 C
771  ,  15/04/2011 11:55:20 , 21.33 C
772  ,  15/04/2011 11:55:25 , 21.33 C
773  ,  15/04/2011 11:55:30 , 21.33 C
774  ,  15/04/2011 11:55:35 , 21.33 C
775  ,  15/04/2011 11:55:40 , 21.29 C
776  ,  15/04/2011 11:55:45 , 21.26 C
777  ,  15/04/2011 11:55:50 , 21.26 C
778  ,  15/04/2011 11:55:55 , 21.26 C
779  ,  15/04/2011 11:56:00 , 21.26 C
780  ,  15/04/2011 11:56:05 , 21.26 C
781  ,  15/04/2011 11:56:10 , 21.26 C
782  ,  15/04/2011 11:56:15 , 21.26 C
783  ,  15/04/2011 11:56:20 , 21.26 C
784  ,  15/04/2011 11:56:25 , 21.26 C
785  ,  15/04/2011 11:56:30 , 21.26 C
786  ,  15/04/2011 11:56:35 , 21.26 C
787  ,  15/04/2011 11:56:40 , 21.26 C
788  ,  15/04/2011 11:56:45 , 21.26 C
789  ,  15/04/2011 11:56:50 , 21.26 C
790  ,  15/04/2011 11:56:55 , 21.26 C
791  ,  15/04/2011 11:57:00 , 21.26 C
792  ,  15/04/2011 11:57:05 , 21.29 C
793  ,  15/04/2011 11:57:10 , 21.26 C
794  ,  15/04/2011 11:57:15 , 21.26 C
795  ,  15/04/2011 11:57:20 , 21.26 C
796  ,  15/04/2011 11:57:25 , 21.29 C
797  ,  15/04/2011 11:57:30 , 21.26 C
798  ,  15/04/2011 11:57:35 , 21.26 C
799  ,  15/04/2011 11:57:40 , 21.26 C
800  ,  15/04/2011 11:57:45 , 21.26 C
801  ,  15/04/2011 11:57:50 , 21.26 C
802  ,  15/04/2011 11:57:55 , 21.26 C
803  ,  15/04/2011 11:58:00 , 21.26 C
804  ,  15/04/2011 11:58:05 , 21.26 C
805  ,  15/04/2011 11:58:10 , 21.29 C
806  ,  15/04/2011 11:58:15 , 21.33 C
807  ,  15/04/2011 11:58:20 , 21.29 C
808  ,  15/04/2011 11:58:25 , 21.26 C
809  ,  15/04/2011 11:58:30 , 21.26 C
810  ,  15/04/2011 11:58:35 , 21.26 C
811  ,  15/04/2011 11:58:40 , 21.29 C
812  ,  15/04/2011 11:58:45 , 21.26 C
813  ,  15/04/2011 11:58:50 , 21.26 C
814  ,  15/04/2011 11:58:55 , 21.26 C
815  ,  15/04/2011 11:59:00 , 21.26 C
816  ,  15/04/2011 11:59:05 , 21.26 C
817  ,  15/04/2011 11:59:10 , 21.26 C
818  ,  15/04/2011 11:59:15 , 21.29 C
819  ,  15/04/2011 11:59:20 , 21.26 C
820  ,  15/04/2011 11:59:25 , 21.26 C
821  ,  15/04/2011 11:59:30 , 21.29 C
822  ,  15/04/2011 11:59:35 , 21.26 C
823  ,  15/04/2011 11:59:40 , 21.29 C
824  ,  15/04/2011 11:59:45 , 21.33 C
825  ,  15/04/2011 11:59:50 , 21.33 C
826  ,  15/04/2011 11:59:55 , 21.33 C
827  ,  15/04/2011 12:00:00 , 21.33 C
828  ,  15/04/2011 12:00:05 , 21.33 C
829  ,  15/04/2011 12:00:10 , 21.29 C
830  ,  15/04/2011 12:00:15 , 21.29 C
831  ,  15/04/2011 12:00:20 , 21.29 C
832  ,  15/04/2011 12:00:25 , 21.29 C
833  ,  15/04/2011 12:00:30 , 21.26 C
834  ,  15/04/2011 12:00:35 , 21.26 C
835  ,  15/04/2011 12:00:40 , 21.26 C
836  ,  15/04/2011 12:00:45 , 21.26 C
837  ,  15/04/2011 12:00:50 , 21.26 C
838  ,  15/04/2011 12:00:55 , 21.26 C
839  ,  15/04/2011 12:01:00 , 21.26 C
840  ,  15/04/2011 12:01:05 , 21.26 C
841  ,  15/04/2011 12:01:10 , 21.26 C
842  ,  15/04/2011 12:01:15 , 21.26 C
843  ,  15/04/2011 12:01:20 , 21.26 C
844  ,  15/04/2011 12:01:25 , 21.26 C
845  ,  15/04/2011 12:01:30 , 21.23 C
846  ,  15/04/2011 12:01:35 , 21.26 C
847  ,  15/04/2011 12:01:40 , 21.20 C
848  ,  15/04/2011 12:01:45 , 21.20 C
849  ,  15/04/2011 12:01:50 , 21.20 C
850  ,  15/04/2011 12:01:55 , 21.20 C
851  ,  15/04/2011 12:02:00 , 21.14 C
852  ,  15/04/2011 12:02:05 , 21.17 C
853  ,  15/04/2011 12:02:10 , 21.17 C
854  ,  15/04/2011 12:02:15 , 21.20 C
855  ,  15/04/2011 12:02:20 , 21.17 C
856  ,  15/04/2011 12:02:25 , 21.17 C
857  ,  15/04/2011 12:02:30 , 21.20 C
858  ,  15/04/2011 12:02:35 , 21.20 C
859  ,  15/04/2011 12:02:40 , 21.14 C
860  ,  15/04/2011 12:02:45 , 21.14 C
861  ,  15/04/2011 12:02:50 , 21.14 C
862  ,  15/04/2011 12:02:55 , 21.14 C
863  ,  15/04/2011 12:03:00 , 21.17 C
864  ,  15/04/2011 12:03:05 , 21.14 C
865  ,  15/04/2011 12:03:10 , 21.17 C
866  ,  15/04/2011 12:03:15 , 21.20 C
867  ,  15/04/2011 12:03:20 , 21.20 C
868  ,  15/04/2011 12:03:25 , 21.20 C
869  ,  15/04/2011 12:03:30 , 21.20 C
870  ,  15/04/2011 12:03:35 , 21.20 C
871  ,  15/04/2011 12:03:40 , 21.20 C
872  ,  15/04/2011 12:03:45 , 21.20 C
873  ,  15/04/2011 12:03:50 , 21.20 C
874  ,  15/04/2011 12:03:55 , 21.20 C
875  ,  15/04/2011 12:04:00 , 21.20 C
876  ,  15/04/2011 12:04:05 , 21.20 C
877  ,  15/04/2011 12:04:10 , 21.20 C
878  ,  15/04/2011 12:04:15 , 21.20 C
879  ,  15/04/2011 12:04:20 , 21.20 C
880  ,  15/04/2011 12:04:25 , 21.20 C
881  ,  15/04/2011 12:04:30 , 21.20 C
882  ,  15/04/2011 12:04:35 , 21.20 C
883  ,  15/04/2011 12:04:40 , 21.20 C
884  ,  15/04/2011 12:04:45 , 21.20 C
885  ,  15/04/2011 12:04:50 , 21.20 C
886  ,  15/04/2011 12:04:55 , 21.20 C
887  ,  15/04/2011 12:05:00 , 21.20 C
888  ,  15/04/2011 12:05:05 , 21.20 C
889  ,  15/04/2011 12:05:10 , 21.20 C
890  ,  15/04/2011 12:05:15 , 21.20 C
891  ,  15/04/2011 12:05:20 , 21.20 C
892  ,  15/04/2011 12:05:25 , 21.20 C
893  ,  15/04/2011 12:05:30 , 21.20 C
894  ,  15/04/2011 12:05:35 , 21.20 C
895  ,  15/04/2011 12:05:40 , 21.20 C
896  ,  15/04/2011 12:05:45 , 21.20 C
897  ,  15/04/2011 12:05:50 , 21.14 C
898  ,  15/04/2011 12:05:55 , 21.17 C
899  ,  15/04/2011 12:06:00 , 21.17 C
900  ,  15/04/2011 12:06:05 , 21.14 C
901  ,  15/04/2011 12:06:10 , 21.20 C
902  ,  15/04/2011 12:06:15 , 21.20 C
903  ,  15/04/2011 12:06:20 , 21.20 C
904  ,  15/04/2011 12:06:25 , 21.20 C
905  ,  15/04/2011 12:06:30 , 21.20 C
906  ,  15/04/2011 12:06:35 , 21.20 C
907  ,  15/04/2011 12:06:40 , 21.20 C
908  ,  15/04/2011 12:06:45 , 21.20 C
909  ,  15/04/2011 12:06:50 , 21.20 C
910  ,  15/04/2011 12:06:55 , 21.20 C
911  ,  15/04/2011 12:07:00 , 21.20 C
912  ,  15/04/2011 12:07:05 , 21.20 C
913  ,  15/04/2011 12:07:10 , 21.20 C
914  ,  15/04/2011 12:07:15 , 21.20 C
915  ,  15/04/2011 12:07:20 , 21.20 C
916  ,  15/04/2011 12:07:25 , 21.20 C
917  ,  15/04/2011 12:07:30 , 21.17 C
918  ,  15/04/2011 12:07:35 , 21.17 C
919  ,  15/04/2011 12:07:40 , 21.17 C
920  ,  15/04/2011 12:07:45 , 21.20 C
921  ,  15/04/2011 12:07:50 , 21.14 C
922  ,  15/04/2011 12:07:55 , 21.14 C
923  ,  15/04/2011 12:08:00 , 21.17 C
924  ,  15/04/2011 12:08:05 , 21.20 C
925  ,  15/04/2011 12:08:10 , 21.20 C
926  ,  15/04/2011 12:08:15 , 21.20 C
927  ,  15/04/2011 12:08:20 , 21.20 C
928  ,  15/04/2011 12:08:25 , 21.20 C
929  ,  15/04/2011 12:08:30 , 21.20 C
930  ,  15/04/2011 12:08:35 , 21.23 C
931  ,  15/04/2011 12:08:40 , 21.20 C
932  ,  15/04/2011 12:08:45 , 21.20 C
933  ,  15/04/2011 12:08:50 , 21.20 C
934  ,  15/04/2011 12:08:55 , 21.20 C
935  ,  15/04/2011 12:09:00 , 21.14 C
936  ,  15/04/2011 12:09:05 , 21.14 C
937  ,  15/04/2011 12:09:10 , 21.14 C
938  ,  15/04/2011 12:09:15 , 21.14 C
939  ,  15/04/2011 12:09:20 , 21.14 C
940  ,  15/04/2011 12:09:25 , 21.14 C
941  ,  15/04/2011 12:09:30 , 21.17 C
942  ,  15/04/2011 12:09:35 , 21.14 C
943  ,  15/04/2011 12:09:40 , 21.17 C
944  ,  15/04/2011 12:09:45 , 21.14 C
945  ,  15/04/2011 12:09:50 , 21.14 C
946  ,  15/04/2011 12:09:55 , 21.14 C
947  ,  15/04/2011 12:10:00 , 21.17 C
948  ,  15/04/2011 12:10:05 , 21.20 C
949  ,  15/04/2011 12:10:10 , 21.20 C
950  ,  15/04/2011 12:10:15 , 21.20 C
951  ,  15/04/2011 12:10:20 , 21.17 C
952  ,  15/04/2011 12:10:25 , 21.20 C
953  ,  15/04/2011 12:10:30 , 21.20 C
954  ,  15/04/2011 12:10:35 , 21.20 C
955  ,  15/04/2011 12:10:40 , 21.17 C
956  ,  15/04/2011 12:10:45 , 21.14 C
957  ,  15/04/2011 12:10:50 , 21.14 C
958  ,  15/04/2011 12:10:55 , 21.14 C
959  ,  15/04/2011 12:11:00 , 21.14 C
960  ,  15/04/2011 12:11:05 , 21.14 C
961  ,  15/04/2011 12:11:10 , 21.14 C
962  ,  15/04/2011 12:11:15 , 21.14 C
963  ,  15/04/2011 12:11:20 , 21.17 C
964  ,  15/04/2011 12:11:25 , 21.14 C
965  ,  15/04/2011 12:11:30 , 21.14 C
966  ,  15/04/2011 12:11:35 , 21.14 C
967  ,  15/04/2011 12:11:40 , 21.14 C
968  ,  15/04/2011 12:11:45 , 21.08 C
969  ,  15/04/2011 12:11:50 , 21.11 C
970  ,  15/04/2011 12:11:55 , 21.08 C
971  ,  15/04/2011 12:12:00 , 21.08 C
972  ,  15/04/2011 12:12:05 , 21.08 C
973  ,  15/04/2011 12:12:10 , 21.04 C
974  ,  15/04/2011 12:12:15 , 21.08 C
975  ,  15/04/2011 12:12:20 , 21.04 C
976  ,  15/04/2011 12:12:25 , 21.01 C
977  ,  15/04/2011 12:12:30 , 21.01 C
978  ,  15/04/2011 12:12:35 , 21.01 C
979  ,  15/04/2011 12:12:40 , 21.04 C
980  ,  15/04/2011 12:12:45 , 21.08 C
981  ,  15/04/2011 12:12:50 , 21.08 C
982  ,  15/04/2011 12:12:55 , 21.08 C
983  ,  15/04/2011 12:13:00 , 21.08 C
984  ,  15/04/2011 12:13:05 , 21.08 C
985  ,  15/04/2011 12:13:10 , 21.08 C
986  ,  15/04/2011 12:13:15 , 21.08 C
987  ,  15/04/2011 12:13:20 , 21.08 C
988  ,  15/04/2011 12:13:25 , 21.08 C
989  ,  15/04/2011 12:13:30 , 21.08 C
990  ,  15/04/2011 12:13:35 , 21.08 C
991  ,  15/04/2011 12:13:40 , 21.08 C
992  ,  15/04/2011 12:13:45 , 21.08 C
993  ,  15/04/2011 12:13:50 , 21.08 C
994  ,  15/04/2011 12:13:55 , 21.04 C
995  ,  15/04/2011 12:14:00 , 21.01 C
996  ,  15/04/2011 12:14:05 , 21.04 C
997  ,  15/04/2011 12:14:10 , 21.01 C
998  ,  15/04/2011 12:14:15 , 21.08 C
999  ,  15/04/2011 12:14:20 , 21.08 C
1000  ,  15/04/2011 12:14:25 , 21.28 C
